{
  "evaluation_info": {
    "num_samples": 100,
    "random_seed": 42,
    "evaluation_date": "2025-05-25T18:41:12.836462",
    "device": "cuda"
  },
  "statistical_results": {
    "rouge1": {
      "t_statistic": 1.3694395166370452,
      "t_pvalue": 0.17396043174533335,
      "wilcoxon_statistic": 299.5,
      "wilcoxon_pvalue": 0.2065268958287081,
      "cohens_d": 0.12158739451670274,
      "kobart_mean": 0.27455518406602,
      "kot5_mean": 0.2306981596834538,
      "kobart_std": 0.373935553105682,
      "kot5_std": 0.34696762964403305
    },
    "rouge2": {
      "t_statistic": 2.3088219910517136,
      "t_pvalue": 0.02303246569329285,
      "wilcoxon_statistic": 101.5,
      "wilcoxon_pvalue": 0.020733689879809114,
      "cohens_d": 0.2707516422242479,
      "kobart_mean": 0.1568167518755754,
      "kot5_mean": 0.0839025974025974,
      "kobart_std": 0.30260158627448386,
      "kot5_std": 0.23125784976169805
    },
    "rougeL": {
      "t_statistic": 1.3937963594048572,
      "t_pvalue": 0.16649994355945827,
      "wilcoxon_statistic": 294.5,
      "wilcoxon_pvalue": 0.18254430393219223,
      "cohens_d": 0.12417353838837399,
      "kobart_mean": 0.27139334590418185,
      "kot5_mean": 0.22687997786527198,
      "kobart_std": 0.3713081247531721,
      "kot5_std": 0.34516940334971
    },
    "bleu": {
      "t_statistic": 3.6145084502075524,
      "t_pvalue": 0.00047521534487688445,
      "wilcoxon_statistic": 1429.0,
      "wilcoxon_pvalue": 0.000413718763157195,
      "cohens_d": 0.397610807158877,
      "kobart_mean": 0.19519770314693127,
      "kot5_mean": 0.1310298090158808,
      "kobart_std": 0.17718333966738029,
      "kot5_std": 0.14385912081141128
    },
    "bertscore": {
      "t_statistic": -0.08979543210536008,
      "t_pvalue": 0.9286311949393684,
      "wilcoxon_statistic": 2494.0,
      "wilcoxon_pvalue": 0.9151157833041156,
      "cohens_d": -0.009640890112448803,
      "kobart_mean": 0.7547422134876252,
      "kot5_mean": 0.7553971326351165,
      "kobart_std": 0.06522109985023995,
      "kot5_std": 0.07053763478343669
    },
    "semantic_similarity": {
      "t_statistic": 4.911804911550326,
      "t_pvalue": 3.568260164744366e-06,
      "wilcoxon_statistic": 1144.0,
      "wilcoxon_pvalue": 2.0510662172105414e-06,
      "cohens_d": 0.42825815081596375,
      "kobart_mean": 0.8862246870994568,
      "kot5_mean": 0.8583946824073792,
      "kobart_std": 0.0627695843577385,
      "kot5_std": 0.06712574511766434
    },
    "novel_ngram_rate": {
      "t_statistic": -0.26659724557567394,
      "t_pvalue": 0.7903337760781592,
      "wilcoxon_statistic": 1987.0,
      "wilcoxon_pvalue": 0.9494356938476877,
      "cohens_d": -0.028784680102396286,
      "kobart_mean": 0.759900847910745,
      "kot5_mean": 0.7664305195082557,
      "kobart_std": 0.23547149383654606,
      "kot5_std": 0.21787800563660412
    }
  },
  "model_predictions_sample": {
    "kobart": [
      "NHN과 KT 컨소시엄은 중소 제조기업이 갖추기 어려운 데이터 저장분석 인프라, 인공지능(AI) 전문가, 실증 서비스 등을 한 곳에 모아 인공지능(AI)을 효율적으로 활용할 수 있는 토대를 마련한다는 점에서 의미가 있고,민간 클라우드 사업자는 인공지능(AI) 제조 플랫폼의 대용량 스토리지, 고성능컴퓨팅 자원 등 핵심 인프라와 인공지능(AI) 분석, 소프트웨어 개발 등 플랫폼 환경을 제공하고, 외부 해킹 과 정보 유출 방지를 위한 보안과 서비스 이용을 위한 기술 지원 등을 담당하게 된다.",
      "올해 들어서도 공정위는 20개 계열사 고의 신고누락 혐의로 이해진 네이버 글로벌투자책임자를 검찰에 고발했으나 무혐의 처리로 사건이 종결되었고, 김범수 카카오 의장도 5개 계열사 신고누락으로 공정위가 고발해 기소됐으나 지난 2월 대법원에서 무죄 판결을 받으며  공정위 현장규제에 대한 비판은 한국에 진출한 해외 기업에서도 꾸준히 제기되면서 주한미국상공회의소(암참·AMCHAM)와 주한유럽상공회의소 등 외국상공회의소는 2018년 11월 공정위의 현장조사를 비판하는 공동 성명을 내어 공정한위는 정보와 데이터 입수를 위한 조사를 수행할 때 정당한 절차를 따라야 하며 영장을 통해 법원의 통제를 받도록 할 필요가 있다고 밝혔다.",
      "농협금융 여신 심사나 감리시스템, 편중여신 이런 부분들이 체크가 잘 안되는 시스템이어서 다른 은행들이 좀 줄일 때 농협이 들어간 것 같다고 전했다.  해가 지고 나면 농민들을 위한 여신과 비농민들을 위한 여신하고 비율이 대개 얼마쯤 되는지 혹시 물어보면 그게 지금 기억이 있을지 모르지만 이 말씀만 물어보면 그게 아마 지금 기억이 있을지 모르겠지만 이게 소위 농민들을 위해 여신하고 그냥 비농민을 위한 여신하고 비율은 대개 얼마쯤인지 혹시 궁금해서 물어보시면 답합니다."
    ],
    "kot5": [
      "NHN과 KT가 보유한 대규모 인프라와 안정적인 운영 능력뿐만 아니라 다양한 인공지능 플랫폼 서비스를 선택해 활용할 수 있게 제공한다는 측면을 인정받아 최종 사업수행자로 NHN 컨소시엄이 선정됐다.   ",
      "공정위는 20개 계열사 고의 신고누락 혐의로 네이버 글로벌투자책임자를 검찰에 고발했으나 무혐의 처리로 사건이 종결됐고 김 카카오 의장도 무혐의 판결을 받았다.   해외 기업에서도 공정위 현장규제에 대한 비판이 꾸준히 제기된다.",
      "농협금융지주회사회장 김 씨는 가계금융을 많이 했고 중소기업을 하다가 기업 여신을 늘리다 보니 대기업 여신 쪽에 취약산업에 들어온 것 같다고 했다.   안 위원은 농민들을 위한 여신과 조선업체의 특수관계가 "
    ],
    "references": [
      "인공지능(AI) 제조 플랫폼은 중소 제조기업이 갖추기 어려운 데이터 저장분석 인프라, 인공지능(AI) 전문가, 실증 서비스 등을 한 곳에 모아, 인공지능(AI)를 효율적으로 활용할 수 있는 토대를 마련한다는 점에서 의미가 있다. 정부는 스마트제조혁신추진단, 카이스트 등 전문기관과 협업해 중소기업의 제조과정상 문제점을 인공지능(AI)로 해결할 수 있도록 전문가 컨설팅과 현장실증을 지원하는 한편, 연구개발(R&D)과 스마트공장 보급사업을 통해 클라우드 기반 인공지능(AI) 스마트공장을 개발확산시켜나갈 계획이다.",
      "주한미국상공회의소(암참·AMCHAM)와 주한유럽상공회의 등 외국상공회의소는 2018년 11월 공정위의 현장조사를 비판하는 공동 성명을 냈다. 이들은 “공정위는 정보와 데이터 입수를 위한 조사를 수행할 때 정당한 절차를 따라야 한다”며 자의적 조사권 행사에 대해 비판했다.",
      "농협금융지주회사회장 김용환] \"그래서 아마 2007년 2008년 2010년 그때 대기업 여신을 좀 했습니다. 그다음에 중소기업을 하다가 기업 여신을 늘리다 보니까 대기업 여신 쪽에 특히 조선ㆍ해운 같은 취약산업에 들어온 것 같습니다. 그런데 농협은 기본적으로 가계금융을 좀 많이 했고요."
    ]
  }
}