{
  "experiment_info": {
    "num_samples": 100,
    "random_seed": 42,
    "evaluation_date": "2025-05-25T18:22:58.586930",
    "dataset": "ecosystems/keywords",
    "language": "English",
    "domain": "Technical Documentation",
    "methods": [
      "KeyBERT",
      "TF-IDF",
      "TextRank",
      "Hybrid"
    ]
  },
  "performance_summary": {
    "keybert": {
      "precision": {
        "mean": 0.3098333333333333,
        "std": 0.25857617618196943,
        "median": 0.25,
        "min": 0.0,
        "max": 1.0
      },
      "recall": {
        "mean": 0.24876304251304251,
        "std": 0.2353442333632812,
        "median": 0.25,
        "min": 0.0,
        "max": 1.0
      },
      "f1": {
        "mean": 0.2627732267732268,
        "std": 0.22672384656406494,
        "median": 0.22222222222222224,
        "min": 0.0,
        "max": 1.0
      },
      "partial_match": {
        "mean": 0.45716666666666667,
        "std": 0.2839723675915591,
        "median": 0.4,
        "min": 0.0,
        "max": 1.0
      },
      "semantic_sim": {
        "mean": 0.8043314975500107,
        "std": 0.3379962639598824,
        "median": 0.9802115559577942,
        "min": 0.0,
        "max": 1.0000004768371582
      },
      "ndcg": {
        "mean": 0.416798034760582,
        "std": 0.2781376832172857,
        "median": 0.38413272601386794,
        "min": 0.0,
        "max": 1.0
      }
    },
    "tfidf": {
      "precision": {
        "mean": 0.17400000000000002,
        "std": 0.3072668040789452,
        "median": 0.0,
        "min": 0.0,
        "max": 1.0
      },
      "recall": {
        "mean": 0.09460292485292485,
        "std": 0.1888360102735896,
        "median": 0.0,
        "min": 0.0,
        "max": 1.0
      },
      "f1": {
        "mean": 0.10703557553557552,
        "std": 0.19137247614888253,
        "median": 0.0,
        "min": 0.0,
        "max": 1.0
      },
      "partial_match": {
        "mean": 0.231,
        "std": 0.35309756284756333,
        "median": 0.0,
        "min": 0.0,
        "max": 1.0
      },
      "semantic_sim": {
        "mean": 0.33104250133037566,
        "std": 0.45564569113225956,
        "median": 0.0,
        "min": 0.0,
        "max": 1.000000238418579
      },
      "ndcg": {
        "mean": 0.14886679266305772,
        "std": 0.2351578404183275,
        "median": 0.0,
        "min": 0.0,
        "max": 1.0
      }
    },
    "textrank": {
      "precision": {
        "mean": 0.285,
        "std": 0.2602936376052588,
        "median": 0.25,
        "min": 0.0,
        "max": 1.0
      },
      "recall": {
        "mean": 0.22951090576090574,
        "std": 0.23064744552685557,
        "median": 0.2,
        "min": 0.0,
        "max": 1.0
      },
      "f1": {
        "mean": 0.2427900987900988,
        "std": 0.22829583321256156,
        "median": 0.22222222222222224,
        "min": 0.0,
        "max": 1.0
      },
      "partial_match": {
        "mean": 0.41833333333333333,
        "std": 0.27921019561135896,
        "median": 0.4,
        "min": 0.0,
        "max": 1.0
      },
      "semantic_sim": {
        "mean": 0.780304417014122,
        "std": 0.36431760860453843,
        "median": 0.9820698797702789,
        "min": 0.0,
        "max": 1.0000004768371582
      },
      "ndcg": {
        "mean": 0.34536937532078693,
        "std": 0.253457298770749,
        "median": 0.31939394323979897,
        "min": 0.0,
        "max": 1.0
      }
    },
    "hybrid": {
      "precision": {
        "mean": 0.303,
        "std": 0.2591693997712264,
        "median": 0.25,
        "min": 0.0,
        "max": 1.0
      },
      "recall": {
        "mean": 0.24292970917970919,
        "std": 0.23435396852245735,
        "median": 0.25,
        "min": 0.0,
        "max": 1.0
      },
      "f1": {
        "mean": 0.25732978132978135,
        "std": 0.22753317784961136,
        "median": 0.22222222222222224,
        "min": 0.0,
        "max": 1.0
      },
      "partial_match": {
        "mean": 0.4443333333333333,
        "std": 0.277,
        "median": 0.4,
        "min": 0.0,
        "max": 1.0
      },
      "semantic_sim": {
        "mean": 0.7856559771299362,
        "std": 0.35514431890746667,
        "median": 0.9735960960388184,
        "min": 0.0,
        "max": 1.0000004768371582
      },
      "ndcg": {
        "mean": 0.39216510681025896,
        "std": 0.2680481399483598,
        "median": 0.36934595283166205,
        "min": 0.0,
        "max": 1.0
      }
    }
  },
  "statistical_results": {
    "precision": {
      "keybert_vs_tfidf": {
        "t_statistic": 4.615616888984257,
        "t_pvalue": 1.1773729103553201e-05,
        "wilcoxon_statistic": 296.5,
        "wilcoxon_pvalue": 2.390271513391269e-05,
        "cohens_d": 0.47834194679710157,
        "mean_diff": 0.13583333333333328
      },
      "keybert_vs_textrank": {
        "t_statistic": 2.510605724622168,
        "t_pvalue": 0.013672140452124056,
        "wilcoxon_statistic": 47.5,
        "wilcoxon_pvalue": 0.015508176057461066,
        "cohens_d": 0.09572033922953217,
        "mean_diff": 0.02483333333333332
      },
      "keybert_vs_hybrid": {
        "t_statistic": 1.3192568422245465,
        "t_pvalue": 0.1901263822052015,
        "wilcoxon_statistic": 7.5,
        "wilcoxon_pvalue": 0.1365794180581274,
        "cohens_d": 0.02639647411878234,
        "mean_diff": 0.006833333333333302
      },
      "tfidf_vs_textrank": {
        "t_statistic": -3.6178925247941756,
        "t_pvalue": 0.000469767328667967,
        "wilcoxon_statistic": 311.0,
        "wilcoxon_pvalue": 0.00011234286098845573,
        "cohens_d": -0.3898149767109211,
        "mean_diff": -0.11099999999999996
      },
      "tfidf_vs_hybrid": {
        "t_statistic": -4.5023772450425374,
        "t_pvalue": 1.837773497506822e-05,
        "wilcoxon_statistic": 265.0,
        "wilcoxon_pvalue": 2.172536373055427e-05,
        "cohens_d": -0.45384616124261506,
        "mean_diff": -0.12899999999999998
      },
      "textrank_vs_hybrid": {
        "t_statistic": -1.9929295527138526,
        "t_pvalue": 0.049021627446664766,
        "wilcoxon_statistic": 49.0,
        "wilcoxon_pvalue": 0.09882292383343434,
        "cohens_d": -0.06930216993303875,
        "mean_diff": -0.018000000000000016
      }
    },
    "recall": {
      "keybert_vs_tfidf": {
        "t_statistic": 7.151992430252711,
        "t_pvalue": 1.4951818173326056e-10,
        "wilcoxon_statistic": 51.0,
        "wilcoxon_pvalue": 1.5310783896219904e-09,
        "cohens_d": 0.7225313946004877,
        "mean_diff": 0.15416011766011767
      },
      "keybert_vs_textrank": {
        "t_statistic": 2.0623452849225243,
        "t_pvalue": 0.041793857662546896,
        "wilcoxon_statistic": 56.5,
        "wilcoxon_pvalue": 0.06948921868216536,
        "cohens_d": 0.08262447506512698,
        "mean_diff": 0.019252136752136773
      },
      "keybert_vs_hybrid": {
        "t_statistic": 0.9144589284783732,
        "t_pvalue": 0.3626976266095827,
        "wilcoxon_statistic": 9.0,
        "wilcoxon_pvalue": 0.39548156745943996,
        "cohens_d": 0.024838589313639643,
        "mean_diff": 0.005833333333333329
      },
      "tfidf_vs_textrank": {
        "t_statistic": -6.5487480942757,
        "t_pvalue": 2.6081487830223826e-09,
        "wilcoxon_statistic": 79.0,
        "wilcoxon_pvalue": 1.5424625155513837e-08,
        "cohens_d": -0.6400385398192036,
        "mean_diff": -0.1349079809079809
      },
      "tfidf_vs_hybrid": {
        "t_statistic": -7.317435602017796,
        "t_pvalue": 6.737593236921543e-11,
        "wilcoxon_statistic": 32.0,
        "wilcoxon_pvalue": 1.2782871100385932e-09,
        "cohens_d": -0.696973798946401,
        "mean_diff": -0.14832678432678434
      },
      "textrank_vs_hybrid": {
        "t_statistic": -1.59838392865817,
        "t_pvalue": 0.11314445522159375,
        "wilcoxon_statistic": 55.0,
        "wilcoxon_pvalue": 0.18351127298151593,